{"cameraMode":{"drawMode":0,"name":"Shaded","section":"Shading Mode"},"sceneLighting":true,"audioPlay":false,"sceneViewState":{"m_AlwaysRefresh":false,"showFog":true,"showSkybox":true,"showFlares":true,"showImageEffects":true,"showParticleSystems":true,"showVisualEffectGraphs":true,"m_FxEnabled":true},"in2DMode":false,"pivot":{"x":0.7429308891296387,"y":3.0891201496124269,"z":0.24894201755523683},"rotation":{"x":0.11081352084875107,"y":0.8626263737678528,"z":0.4441598355770111,"w":-0.21521732211112977},"size":1.369632601737976,"orthographic":false}