{"cameraMode":{"drawMode":0,"name":"Shaded","section":"Shading Mode"},"sceneLighting":true,"audioPlay":false,"sceneViewState":{"m_AlwaysRefresh":false,"showFog":true,"showSkybox":true,"showFlares":true,"showImageEffects":true,"showParticleSystems":true,"showVisualEffectGraphs":true,"m_FxEnabled":true},"in2DMode":false,"pivot":{"x":0.5079818964004517,"y":0.24498164653778077,"z":-2.0121734142303469},"rotation":{"x":0.01655682921409607,"y":-0.9776058197021484,"z":0.1930866688489914,"w":0.08317085355520249},"size":0.5077524185180664,"orthographic":false}