{"cameraMode":{"drawMode":0,"name":"Shaded","section":"Shading Mode"},"sceneLighting":true,"audioPlay":false,"sceneViewState":{"m_AlwaysRefresh":false,"showFog":true,"showSkybox":true,"showFlares":true,"showImageEffects":true,"showParticleSystems":true,"showVisualEffectGraphs":true,"m_FxEnabled":true},"in2DMode":false,"pivot":{"x":9.051207542419434,"y":-54.328731536865237,"z":-60.18092727661133},"rotation":{"x":-0.028223052620887758,"y":-0.9213055968284607,"z":0.38196516036987307,"w":-0.06845183670520783},"size":42.76307678222656,"orthographic":false}